View,,Просмотр,,,,,,,,,23,,
>Fullscreen,,>Во весь экран ,,,,,,,,,29,,
>Square,,>Четырехэкранный режим,,,,,,,,,29,,
>1 plus,,>1 камера увеличенная,,,,,,,,,29,,
Camera,,Камера,,,,,,,,,23,,
>Camera,,>Камера ,,,,,,,,,29,,
>Camera,,>Камера ,,,,,,,,,29,,
>Camera,,>Камера ,,,,,,,,,29,,
>Camera,,>Камера ,,,,,,,,,29,,
>Camera,,>Камера ,,,,,,,,,29,,
>Camera,,>Камера ,,,,,,,,,29,,
>Camera,,>Камера ,,,,,,,,,29,,
>Camera,,>Камера ,,,,,,,,,29,,
>Camera,,>Камера ,,,,,,,,,29,,
>Camera,,>Камера ,,,,,,,,,29,,
>Camera,,>Камера ,,,,,,,,,29,,
>Camera,,>Камера ,,,,,,,,,29,,
>Camera,,>Камера ,,,,,,,,,29,,
>Camera,,>Камера ,,,,,,,,,29,,
>Camera,,>Камера ,,,,,,,,,29,,
>Camera,,>Камера ,,,,,,,,,29,,
Setup menu,,Установки ,,,,,,,,,23,,
>PIN: ____,,>PIN: ____,,,,,,,,,29,CARE: 4 chars placeholder ____ for the PIN required,
Lock Display,,Блокировать монитор,,,,,,,,,23,,
System,,Система,,,,,,,,,23,,
>System Info,,>Информация о системе,,,,,,,,,29,,
>Statistics,,>Статистика,,,,,,,,,29,,
Replay,,Повтор,,,,,,,,,23,,
>Realtime,,>Реальное время ,,,,,,,,,26,CARE: 29 chars in total inclusive 2 chars ' :' and ??? chars for the translation of 'On' or 'Off',
>Alarm List,,>Тревожный список,,,,,,,,,29,,
>Target Display,,>Показать курсор объекта,,,,,,,,,26,CARE: 29 chars in total inclusive 2 chars ' :' and ??? chars for the translation of 'On' or 'Off',
Camera Settings,,Настройки камеры,,,,,,,,,23,,
>Camera Name:________________,,>Имя камеры :________________,,,,,,,,,29,CARE: 16 chars placeholder _______________ for camera name required,
>Image Compression,,>Компрессия изображения,,,,,,,,,24,CARE: 29 chars in total inclusive 2 chars ' :' and ??? chars for the translation of 'High' or 'Mid' or 'Low',
>Brightness,,>Яркость,,,,,,,,,23,CAUSE: plus 6 chars for: ': xxx%',
>Contrast,,>Контрастность,,,,,,,,,23,CAUSE: plus 6 chars for: ': xxx%',
>Saturation,,>Насыщение,,,,,,,,,23,CAUSE: plus 6 chars for: ': xxx%',
>Type,,>Тип,,,,,,,,,10,CARE: 29 chars in total inclusive 2 chars ' :' and ??? chars for the camera types,
>ID: ________________,,>ID: ________________,,,,,,,,,29,CARE: 16 chars placeholder _______________ for ID required,
>COM Port,,>Com порт ,,,,,,,,,26,CARE: 29 chars in total inclusive 2 chars ' :' and ??? chars for the com port,
System Settings,,Настройки системы,,,,,,,,,23,,
>Image Resolution,,>Разрешение изображения,,,,,,,,,23,CARE: ??? chars in total inclusive 2 chars ' :' and ??? chars for the translation of ,
>Audible Alarm,,>Авар-й звуковой сигнал ,,,,,,,,,24,CARE: 29 chars in total inclusive 2 chars ': ' and ??? chars for the translation of 'On' or 'Off',
>Export System Settings,,>Экспорт системных настроек,,,,,,,,,29,,
>Import System Settings,,>Импорт системных настроек,,,,,,,,,29,,
Camera Timers,,Расписание камер,,,,,,,,,23,,
>Mon: __:__-__:__,,>Пон.: __:__-__:__,,,,,,,,,29,CARE:  11 chars placeholder __:__-__:__ for timespan required,
>Tue: __:__-__:__,,>Вт.: __:__-__:__,,,,,,,,,29,CARE:  11 chars placeholder __:__-__:__ for timespan required,
>Wed: __:__-__:__,,>Ср.: __:__-__:__,,,,,,,,,29,CARE:  11 chars placeholder __:__-__:__ for timespan required,
>Thu: __:__-__:__,,>Чт.: __:__-__:__,,,,,,,,,29,CARE:  11 chars placeholder __:__-__:__ for timespan required,
>Fri: __:__-__:__,,>Пят.: __:__-__:__,,,,,,,,,29,CARE:  11 chars placeholder __:__-__:__ for timespan required,
>Sat: __:__-__:__,,>Суб.: __:__-__:__,,,,,,,,,29,CARE:  11 chars placeholder __:__-__:__ for timespan required,
>Sun: __:__-__:__,,>Вос.: __:__-__:__,,,,,,,,,29,CARE:  11 chars placeholder __:__-__:__ for timespan required,
>Alarm Inputs,,>Входы датчиков,,,,,,,,,20,CARE: 29 chars in total inclusive 2 chars ' :' and ??? chars for the translation of 'Timer active' or 'Always active',
Camera Recording Mode,,Режим записи камеры,,,,,,,,,23,,
>Mode,,>Режим,,,,,,,,,20,CARE: 29 chars in total inclusive 2 chars ' :' and ??? chars for the translation of 'Activity detection' or 'Alarm/Pre-Alarm',
Activity Configuration,,Детектор движения ,,,,,,,,,23,,
>Sensitivity,,>Чувствительность,,,,,,,,,24,CARE: 29 chars in total inclusive 2 chars ' :' and ??? chars for the translation of 'High' or 'Normal' or 'Low',
>Masking Sensitivity,,>Чувствительность  маски,,,,,,,,,24,CARE: 29 chars in total inclusive 2 chars ' :' and ??? chars for the translation of 'High' or 'Mid' or 'Low',
>Permanent Mask,,>Выбрать маску,,,,,,,,,29,,
Alarm Configuration,,Настройки сигнализации,,,,,,,,,23,,
>Alarm Call at,,>Авари-й вызов в ,,,,,,,,,18,CARE: 29 chars in total inclusive 2 chars ' :' and ??? chars for the translation of 'A,Ext1,Ext2' which stands for 'Activity, Extern alarm 1 and 2,
>Dial No. 1 ,,>Т. дозвона 1,,,,,,,,,13,CARE:  1 char ':'  plus 15 chars for IP address or may be 16 chars for telephone number required,
>Dial No. 2 ,,>Т. дозвона 2,,,,,,,,,13,CARE:  1 char ':'  plus 15 chars for IP address or may be 16 chars for telephone number required,
>Dial No. 3 ,,>Т. дозвона 3,,,,,,,,,13,CARE:  1 char ':'  plus 15 chars for IP address or may be 16 chars for telephone number required,
>Alarm Output,,>Тревожный выход ,,,,,,,,,24,29 chars in total inclusive 2 chars ': ' and ??? chars for the translation of 'On' or 'Off',
Images,,Изображен.,,,,,,,,,23,,
>Export Images,,>Экспорт изображений,,,,,,,,,29,,
>Cancel Export,,>Отмена процесс экспорта,,,,,,,,,24,CARE: 29 chars in total inclusive 2 chars ' :' and ??? chars for the translation of 'Yes' or 'No',
>Continue Export,,>Продолжить экспорт,,,,,,,,,29,,
>Export Alarm Images,,>Экспорт тревожных изображ-й,,,,,,,,,29,,
>Delete Alarm Images,,>Удалить тревожные изображ-я,,,,,,,,,29,,
>Show Suspicious Images,,>Показать подозр. изображения,,,,,,,,,29,,
>Delete Suspicious Images,,>Удалить подозр. изображения,,,,,,,,,29,,
Video Outputs,,Видео выходы,,,,,,,,,23,,
>Output 1,,>Выход 1 ,,,,,,,,,20,CARE: 29 chars in total inclusive 2 chars ' :' and ??? chars for the translation of 'Manual' or 'Sequencer' or 'Activity',
>Output 2,,>Выход 2,,,,,,,,,20,CARE: 29 chars in total inclusive 2 chars ' :' and ??? chars for the translation of 'Manual' or 'Sequencer' or 'Activity',
>Output 3,,>Выход 3,,,,,,,,,20,CARE: 29 chars in total inclusive 2 chars ' :' and ??? chars for the translation of 'Manual' or 'Sequencer' or 'Activity',
>Output 4,,>Выход 4,,,,,,,,,20,CARE: 29 chars in total inclusive 2 chars ' :' and ??? chars for the translation of 'Manual' or 'Sequencer' or 'Activity',
>Dwell Time (s),,>Время переключения,,,,,,,,,24,CARE: 29 chars in total inclusive 2 chars ' :' and ??? chars for the translation of 'Off',
Audio Settings,,Звуковые Назначения,,,,,,,,,23,,
>Assignment,,>Назначение,,,,,,,,,20,CARE: plus ??? chars for the translation of: ': Camera xx',
>Threshold,,>Порог,,,,,,,,,23,CAUSE: plus 6 chars for: ': xxx%',
>Sensitivity,,>Чувствительность,,,,,,,,,23,CAUSE: plus 6 chars for: ': xxx%',
>Volume,,>Громкость,,,,,,,,,23,CAUSE: plus 6 chars for: ': xxx%',
>Recording at,,>Способ принятия,,,,,,,,,22,CARE: 29 chars in total inclusive 2 chars ' :' and ??? chars for the translation of 'A,L,Ext' which stands for 'Activity, Level or Extern alarm',
Network,,Сеть ,,,,,,,,,23,,
>IP: ___.___.___.___,,>IP: ___.___.___.___,,,,,,,,,29,CARE: 15 chars placeholder ___.___.___.___ for IP address required,
>Subnetmask: ___.___.___.___,,>Подсеть : ___.___.___.___,,,,,,,,,29,CARE: 15 chars placeholder ___.___.___.___ for IP address required,
>Gateway: ___.___.___.___,,>Шлюз :___.___.___.___,,,,,,,,,29,CARE: 15 chars placeholder ___.___.___.___ for IP address required,
>MSN: ___________,,>MSN: ___________,,,,,,,,,29,CARE: 11 chars placeholder ___________ for MSN required,
>%s Name: ________________,,>%s имя:_______________,,,,,,,,,29,CARE: 16 chars placeholder ________________ for name required,
Date/Time,,Дата / Время,,,,,,,,,23,,
>Date: __.__.__,,>Дата: __.__.__,,,,,,,,,29,CARE: 8 chars placeholder __.__.__ for date required,
>Time: __:__:__,,>Время: __:__:__,,,,,,,,,29,CARE: 8 chars placeholder __.__.__ for time required,
>Zone:,,> Зона:,,,,,,,,,15,CARE: plus ??? characters for the time zone name,
Printer Selection,, Выбранный принтер,,,,,,,,,23,,
No printer,,Нет принтера,,,,,,,,,29,,
>Printer,,>Принтер,,,,,,,,,0,,
>Printer,,>Принтер,,,,,,,,,0,,
>Printer,,>Принтер,,,,,,,,,0,,
>Printer,,>Принтер,,,,,,,,,0,,
>Printer,,>Принтер,,,,,,,,,0,,
>Printer,,>Принтер,,,,,,,,,0,,
>Printer,,>Принтер,,,,,,,,,0,,
>Printer,,>Принтер,,,,,,,,,0,,
>Printer,,>Принтер,,,,,,,,,0,,
>Printer,,>Принтер,,,,,,,,,0,,
>Printer,,>Принтер,,,,,,,,,0,,
>Printer,,>Принтер,,,,,,,,,0,,
>Printer,,>Принтер,,,,,,,,,0,,
>Printer,,>Принтер,,,,,,,,,0,,
>Printer,,>Принтер,,,,,,,,,0,,
>Printer,,>Принтер,,,,,,,,,0,,
Language Selection,,Выбрать язык,,,,,,,,,23,,
>Language,,>Язык,,,,,,,,,0,,
>Language,,>Язык,,,,,,,,,0,,
>Language,,>Язык,,,,,,,,,0,,
>Language,,>Язык,,,,,,,,,0,,
>Language,,>Язык,,,,,,,,,0,,
>Language,,>Язык,,,,,,,,,0,,
>Language,,>Язык,,,,,,,,,0,,
>Language,,>Язык,,,,,,,,,0,,
>Language,,>Язык,,,,,,,,,0,,
>Language,,>Язык,,,,,,,,,0,,
>Language,,>Язык,,,,,,,,,0,,
>Language,,>Язык,,,,,,,,,0,,
>Language,,>Язык,,,,,,,,,0,,
>Language,,>Язык,,,,,,,,,0,,
>Language,,>Язык,,,,,,,,,0,,
>Language,,>Язык,,,,,,,,,0,,
Change PIN,,Изменить PIN код,,,,,,,,,23,,
>Operator,,>Оператор,,,,,,,,,23,CAUSE: Plus 6 characters for the placeholder ': ____',
>Supervisor,,>Администратор,,,,,,,,,23,CAUSE: Plus 6 characters for the placeholder ': ____',
Other System Options,, Другие  настройки,,,,,,,,,23,,
>Show Event Log,,>Показать лог,,,,,,,,,29,,
>Shut down System,,>Завершение работы,,,,,,,,,29,,
>Software Update,,>Обновление программы,,,,,,,,,29,,
>Extension Code: ____________,,>Код расширения:____________,,,,,,,,,29,CARE: 12 characters for placeholder '____________' required,
Exit Setup Menu,,Выход из меню Установки,,,,,,,,,23,,
DVClient,, DV Клиент,,,,,,,,,0,,
PIN correct,,PIN код принят,,,,,,,,,29,,
On,,Вкл,,,,,,,,,5,CARE: Value for several menu entries, must be considered at their max. length!,
PIN failed,,Неправильный PIN код,,,,,,,,,29,,
PIN: ____,,PIN: ____,,,,,,,,,29,CARE: 4 chars placeholder ____ for the PIN required,
Search date: __.__.__,, Поиск по дате: __.__.__,,,,,,,,,29,CARE:  8 chars placeholder __.__.__ for date required,
Search time: __:__,,Поиск по времени: __:__,,,,,,,,,29,CARE:  5 chars placeholder __:__ for time required,
Search error,,Ошибка поиска,,,,,,,,,29,,
Off,,Выкл,,,,,,,,,5,CARE: Value for several menu entries, must be considered at their max. length!,
Camera:,,Камера:,,,,,,,,,0,First 3 chars will be used as abbreviation for displaying camera number in panel (top-right corner),
Current PIN: ____,,Текущий PIN: ____,,,,,,,,,29,CARE: 4 chars placeholder ____ for the PIN required,
New PIN: ____,,Новый PIN: ____,,,,,,,,,29,CARE: 4 chars placeholder ____ for the PIN required,
Confirm PIN: ____,,Подтвердить PIN: ____,,,,,,,,,29,CARE: 4 chars placeholder ____ for the PIN required,
PIN was changed,,PIN изменен,,,,,,,,,29,,
Date not changed,,Дата не изменена,,,,,,,,,29,,
Time not changed,,Время не изменено,,,,,,,,,29,,
Searching...,,Поиск...,,,,,,,,,29,,
Date changed,,Дата изменена,,,,,,,,,29,,
Time changed,,Время изменено,,,,,,,,,29,,
Timer changed,,Расписание изменено,,,,,,,,,29,,
IP-Address changed,,IP- адрес изменен,,,,,,,,,29,,
IP-Address not changed,,IP- адрес не изменен,,,,,,,,,29,,
MSN changed,,MSN изменен,,,,,,,,,29,,
MSN not changed,,MSN не изменен,,,,,,,,,29,,
Timer not changed,,Расписание не изменено,,,,,,,,,29,,
Activity Detection,,Детектор движения,,,,,,,,,25,CARE: 29 chars in total inclusive ??? chars for the translation of '>Mode: ',
Alarm/Pre-alarm,,Тревога / C опережением,,,,,,,,,25,CARE: 29 chars in total inclusive ??? chars for the translation of '>Mode: ',
Low,,Низкое,,,,,,,,,6,CARE: Value for several menu entries, must be considered at their max. length!,
Normal,,Норма.,,,,,,,,,6,CARE: Value for several menu entries, must be considered at their max. length!,
High,,Высок.,,,,,,,,,6,CARE: Value for several menu entries, must be considered at their max. length!,
Please wait...,,Пожалуйста ждите...,,,,,,,,,0,,
No images for this camera,,Нет изображений для этой камеры,,,,,,,,,0,,
Search for:\n,,Поиск на :\n,,,,,,,,,0,,
DVClient,, DV Клиент,,,,,,,,,0,,
Date and time,,Дата и Время,,,,,,,,,0,,
Current camera... All camera specific values are individual and these refer to this current camera,,Текущая камера.....Все настройки будут применены к текущей камере,,,,,,,,,0,,
Fast backward,,Быстрое воспроизведение назад,,,,,,,,,0,,
Play forward,,Воспроизведение вперед ,,,,,,,,,0,,
Play backward,,Воспроизведение назад,,,,,,,,,0,,
Finish playing,,Остановка воспроизведения,,,,,,,,,0,,
Fast forward,,Быстрое воспроизведение вперед,,,,,,,,,0,,
Close the current replay window,,Закрыть окно воспроизведения выбранной камеры,,,,,,,,,0,,
Jump to the previous event,,Перейти на предыдущее событие,,,,,,,,,0,,
Single step backward,,На один кадр назад,,,,,,,,,0,,
Single step forward,,На один кадр вперед,,,,,,,,,0,,
Search,,Поиск,,,,,,,,,0,,
Jump to the next event,,Перейти на следующее событие,,,,,,,,,0,,
Exports an image of the current camera to:,,Экспортировать изображения текущей камеры :,,,,,,,,,0,,
Print an image of the current camera on: %s,,Печать изображения с текущей камеры на  %s,,,,,,,,,0,,
Minimize panel in the lower right corner,,Свернуть панель в правый нижний угол,,,,,,,,,0,,
Exit program,,Выйти из программы,,,,,,,,,0,,
No images found:\n,,Не обнаружено изображений:\n,,,,,,,,,0,,
Unit is shutting down...,,Выключение модуля...,,,,,,,,,29,,
Exit Setup Menu,,Выход из меню Установки,,,,,,,,,23,,
Date:,,Дата:,,,,,,,,,0,,
Time:,,Время:,,,,,,,,,0,,
Export in progress...,,Идет экспорт...,,,,,,,,,29,,
Export successful,,Экспорт завершен,,,,,,,,,0,,
Export failed,,Экспорт не удался,,,,,,,,,29,,
Print in progress...,,Идет печать...,,,,,,,,,0,,
Printing successful,,Печать завершена,,,,,,,,,0,,
Printing failed,,Печать не удалась,,,,,,,,,0,,
Camera name:,,Имя камеры:,,,,,,,,,13,CAUSE: plus 16 chars for placeholder or camera name,
No connection possible,,Нет соединения,,,,,,,,,29,,
Unit is locked,,Модуль блокирован,,,,,,,,,23,,
Run-time Error %u from,,Ошибка программы %u ,,,,,,,,,26,CARE: format specifier %u is required,
Deleting current alarm...,,Удалить текущую тревогу...,,,,,,,,,0,,
The images were deleted successfuly,,Изображения удачно удалены,,,,,,,,,0,,
The images could not be deleted completly,,Изображения не смогли быть удалены,,,,,,,,,0,,
Event message confirmed,,Сообщение о событии подтверждено,,,,,,,,,0,,
Printer selection successful,,Принтер выбран успешно,,,,,,,,,29,,
There is no camera connected,,Эта камера не подключена,,,,,,,,,0,,
Export progress: %d %%\n\nEstimated time left: %s,,Процесс экспорта: %d %%\n\nПриблизительно осталось : %s,,,,,,,,,0,CARE: format specifiers %d, %%, %s are required,
Export of alarm images successful,,Экспорт изображений записанных по тревоге завершен.,,,,,,,,,0,CARE: format specifier %s is required,
ddmmyy,,ддммгг,,,,,,,,,6,Abbreviation for Day-Month-Year,
hhmmss,,ччммсс,,,,,,,,,6,Abbreviation for Hour-Minute-Second,
hhmmhhmm,,ччммччмм,,,,,,,,,8,Abbreviation for Hour-Minute-Hour-Minute,
"Please, enter search date and confirm it with the Enter key",,Введите дату поиска и подтвердите клавишей Ввод,,,,,,,,,0,,
"Please, enter search time and confirm it with the Enter key",,Введите время поиска и подтвердите клавишей Ввод,,,,,,,,,0,,
"Please, enter your current PIN",,Введите ваш PIN код ,,,,,,,,,0,,
Enter now a new PIN,,Введите ваш новый PIN код,,,,,,,,,0,,
Confirm your new PIN,,Подтвердите ваш новый PIN код  ,,,,,,,,,0,,
"Please, enter IP-Address and confirm it with Enter key... ATTENTION! The unit will restart automatically by confirming the new IP-Address! To leave it unchanged, simply press arrow keys",,Введите TCP/IP адрес и подтвердите клавишей Ввод.....Модуль будет автоматически перезагружен,,,,,,,,,0,,
Delete current Event message,,Удалить сообщение о текущем событии,,,,,,,,,0,,
Jump to the next Event message,,Перейти на следующее собобщение о событии,,,,,,,,,0,,
Jump to the previous Event message,,Перейти на предыдущее сообщение о событии,,,,,,,,,0,,
Confirm current Event message,,Подтвердить текущее сообщение о событии,,,,,,,,,0,,
Close Event message dialog,,Закрыть окно сообщений,,,,,,,,,0,,
Delete all Event Logs,,Удалить все сообщения,,,,,,,,,0,,
Print all Event Logs,,Печатать все сообщения,,,,,,,,,0,,
"Please, enter the export time period",,Введите период времени для экспорта ,,,,,,,,,0,,
Camera:,,>Камера:,,,,,,,,,10,,
"Please, enter camera(s) to export images from",,Выберите камеры для экспорта изображений,,,,,,,,,0,,
"Please, enter MSN and confirm it with the Enter key",,Введите MSN и подтвердите клавишей Ввод,,,,,,,,,0,,
"Please, enter the time period for the timer and confirm it with Enter",,Введите период времени и подтвердите клавишей Ввод,,,,,,,,,0,,
"Please, enter the current time and confirm it with the Enter key",,Введите текущее время и подтвердите клавишей Ввод,,,,,,,,,0,,
"Please, enter the current date and confirm it with the Enter key",,Введите дату и подтвердите ввод нажатием клавиши Ввод,,,,,,,,,0,,
"Please, enter the new camera name and confirm it with Enter",,Введите новое название камеры,,,,,,,,,0,,
"Please, enter your current PIN. To leave it unchanged, simply press arrow keys",,Введите ваш PIN код ,,,,,,,,,0,,
Subnet mask set successfully,,Маска подсети выбрана,,,,,,,,,29,,
Failed to set subnet mask,,Маска подсети ошибочна,,,,,,,,,29,,
"Please, enter subnet mask and confirm it with Enter key... ATTENTION! The unit will restart automatically by confirming the new subnet mask! To leave it unchanged, simply press arrow keys",,Введите маску подсети и подтвердите клавишей Ввод....The unit will restart automatically,,,,,,,,,0,,
No printer,,Нет принтера,,,,,,,,,29,,
Language selection successful,,Язык выбран,,,,,,,,,29,,
Please wait while the medium is being prepared to export images of camera(s) %s.\nThis may take several minutes.\n\nElapsed time: %s,,"Пожалуйста ждите, подготовка носителя к экспорту изображений %s.\nЭто может занять несколько минут.\n\nПрошло времени: %s",,,,,,,,,0,,
Alarm images copied successful.\nFinishing export of images.\nThis may take several minutes.\n\nElapsed time: %s,,Сообщения по тревоге записаны удачно.\nЗавершение экспорта.\nЭто может занять несколько монут.\n\nОсталось времени: %s,,,,,,,,,0,,
Insert the update disk into the floppy drive. After the update is finished the system will reboot automatically,,Вставьте диск с обновлением в FDD дисковод. После завершения обновления система будет автоматически перезагружена.,,,,,,,,,0,,
Found not empty medium in the recorder.\nThe images could not be exported,,Носитель не пустой.\nИзображения немогут быть экспортированны.,,,,,,,,,0,,
An error occurred while preparing the medium.\nThis export process was aborted.\nPlease replace the medium with another empty one and start export process again.,,При подготовке экспорта произошла ошибка.\nЭкспорт остановлен.\nПожалуйста замените диск и попробуйте снова.,,,,,,,,,0,,
Current camera... To change the current camera simply press the number key or press arrow keys and confirm with Enter key. All camera specific values refer only to this current camera,,Текущая камера ….выберете камеру клавишами позиционирования и подтвердите клавишей Ввод. Все настройки камеры будут применены к текущей камере,,,,,,,,,0,,
Current camera... To change the current camera simply press the number key or press arrow keys and confirm with Enter key. All camera specific values refer only to this current camera,,Текущая камера ….выберете камеру клавишами позиционирования и подтвердите клавишей Ввод. Все настройки камеры будут применены к текущей камере,,,,,,,,,0,,
Current camera... To change the current camera simply press the number key or press arrow keys and confirm with Enter key. All camera specific values refer only to this current camera,,Текущая камера ….выберете камеру клавишами позиционирования и подтвердите клавишей Ввод. Все настройки камеры будут применены к текущей камере,,,,,,,,,0,,
Current camera... To change the current camera simply press the number key or press arrow keys and confirm with Enter key. All camera specific values refer only to this current camera,,Текущая камера ….выберете камеру клавишами позиционирования и подтвердите клавишей Ввод. Все настройки камеры будут применены к текущей камере,,,,,,,,,0,,
Current camera... To change the current camera simply press the number key or press arrow keys and confirm with Enter key. All camera specific values refer only to this current camera,,Текущая камера ….выберете камеру клавишами позиционирования и подтвердите клавишей Ввод. Все настройки камеры будут применены к текущей камере,,,,,,,,,0,,
Current camera... To change the current camera simply press the number key or press arrow keys and confirm with Enter key. All camera specific values refer only to this current camera,,Текущая камера ….выберете камеру клавишами позиционирования и подтвердите клавишей Ввод. Все настройки камеры будут применены к текущей камере,,,,,,,,,0,,
Full screen mode... To change the view mode press arrow keys and confirm it with Enter,,Полноэкранный режим просмотра ….Для изменения режима просмотра воспользуйтесь  клавишами позиционирования и нажмите Ввод.,,,,,,,,,0,,
Square mode... To change the view mode press arrow keys and confirm it with the Enter key,,Режим квадратора.....Для изменения выберете режим клавишами и нажмите Ввод,,,,,,,,,0,,
1 plus mode... To change the view mode press arrow keys and confirm it with Enter,,Режим 1плюс....выберете режим клавишами и нажмите Ввод,,,,,,,,,0,,
"Timer of current camera for monday... To change the timer, please press Enter",,Расписание на понедельник….Для изменения расписания нажмите Ввод,,,,,,,,,0,,
Timer of current camera for tuesday... To change the timer press Enter,,Расписание на вторник….Для изменения расписания нажмите Ввод,,,,,,,,,0,,
Timer of current camera for wednesday... To change the timer press Enter,,Расписание на среду….Для изменения расписания нажмите Ввод,,,,,,,,,0,,
Timer of current camera for thursday... To change the timer press Enter,,Расписание на четверг….Для изменения расписания нажмите Ввод,,,,,,,,,0,,
Timer of current camera for friday...To change the timer press Enter,,Расписание на пятницу….Для изменения расписания нажмите Ввод,,,,,,,,,0,,
Timer of current camera for saturday... To change the timer press Enter,,Расписание на субботу….Для изменения расписания нажмите Ввод,,,,,,,,,0,,
Timer of current camera for sunday... To change the timer press Enter,,Расписание на воскресенье….Для изменения расписания нажмите Ввод,,,,,,,,,0,,
Current date... To change the current date press Enter now,,Текущая дата …..Для изменения даты нажмите Ввод.,,,,,,,,,0,,
Current time... To change the current time press Enter now,,"Текущее время.....Для изменения, введите время и нажмите Ввод",,,,,,,,,0,,
"Recording mode of current camera... To switch between 'Alarm/Pre-alarm' or 'Activity detection', please press Enter|Choose with arrow keys and select with Enter, then choose 'Yes' with arrow keys and confirm it with Enter... CAUTION! ALL previous images of THIS camera will be permanently erased when changing the value of this option",,Текущий режим записи.....Для изменения режима записи надмите Ввод.|Для переключения между режимами 'Тревога/Предтревога' или 'Детектор движения' нажмимте  клавиши управления и подтвердите клавишей Ввод. ВНИМАНИЕ! Все предыдущие сообщения будут постоянно стираться пока вы выбираете.,,,,,,,,,0,,
"Current IP-Address (extension LAN)... This identifies the unit in your LAN and allows connections to or from other PCs to transfer images from the unit. To change the current IP-Address press Enter key, enter new value (example: 192.168.001.048) and confirm it with Enter. The subnet mask is also necessary to be set (please, see in your manual)",,Выбранный IP адрес…..Для изменения выбранного IP адреса нажмите Ввод.,,,,,,,,,0,,
"Current MSN (extension ISDN)... with this number you can connect to or from other PCs over ISDN (digital telephone network) and transfer images from the unit. To change the current MSN press Enter key, enter new value and confirm it with Enter",,Текуший MSN.....Для изменения MSN нажмите Ввод,,,,,,,,,0,,
"To change PIN, please press Enter now",,Изменить PIN код,,,,,,,,,0,,
"To enter the Setup menu, please press Enter and enter your PIN",,Для входа в меню установки нажмите Ввод и введите ваш PIN код ,,,,,,,,,0,,
"To leave the Setup menu, please press Enter now",,Для выходя из меню установок нажмите Ввод,,,,,,,,,0,,
"Mask sensitivity of current camera. High level means, constant movements will be detected faster (ex. trees in windy places) and ignored... To change mask sensitivity level press Enter now|Choose with arrow keys and confirm it with Enter",,Текущая чувсвительность маски.....Для изменения текущей маски нажмите Ввод|Переключите клавишами уровни чувствительности маски и нажмите Ввод,,,,,,,,,0,,
"Detection sensitivity of current camera... High level means, little movements will be detected and recorded. To change detection sensitivity level press Enter now|Choose with arrow keys and confirm it with Enter",,Текущая чувствительность….Для изменения чувствительности нажмите Ввод.|To switch between detection sensitivity levels press arrow keys and confirm with Enter key,,,,,,,,,0,,
"ATTENTION! If you press Enter now, the unit will shut down immediately !!!",,Для завершения работы нажмите Ввод,,,,,,,,,0,,
"Name of current camera. To change its name, please press Enter now or to change the name of another camera, select it with number key then press Enter",,Текущее имя камеры …Для изменения имени камеры нажмите Ввод,,,,,,,,,0,,
"To Lock the display press Enter now. The images will be not displayed, but the unit continues to record images in the background",,Для блокировки монитора нажмите Ввод,,,,,,,,,0,,
"Please, press Enter to show Event Log",,Для просмотра лога нажмите Ввод,,,,,,,,,0,,
To delete the current alarm images press Enter now,,Для удаления текущих изображений по тревоге нажмите Ввод,,,,,,,,,0,,
"No printer... To change the default printer, please press Enter now|Select default printer with arrow keys and confirm it with Enter",,Не выбран принтер.....Для выбора принтера по умолчанию нажмите Ввод|Выберете клавишами принтер по умолчанию  и подтвердите клавишей Ввод ,,,,,,,,,0,,
"Brightness of current camera... To change it, please press Enter now|Press arrow keys to choose the brightness and confirm it with Enter",,Текущая яркость…..Для изменения уровня яркости нажмите Ввод,,,,,,,,,0,,
"Contrast of current camera... To change it, please press Enter now|Press arrow keys to choose the contrast and confirm it with Enter",,Текущая контрастность….Для изменения контрастности нажмите Ввод,,,,,,,,,0,,
"Saturation of current camera... To change it, please press Enter now|Press arrow keys to choose the saturation and confirm it with Enter",,Текущее насыщение …..Для изменения насыщения нажмите Ввод,,,,,,,,,0,,
"Current camera (on the upper right corner of panel display)... To select another camera as current simply press number key, or press arrow keys and confirm it with Enter. All camera specific values refer to this current camera",,Текущая камера ….выберете камеру клавишами позиционирования и подтвердите клавишей Ввод. Все настройки камеры будут применены к текущей камере,,,,,,,,,0,,
"Current camera (on the upper right corner of panel display)... To select another camera as current simply press number key, or press arrow keys and confirm it with Enter. All camera specific values refer to this current camera",,Текущая камера ….выберете камеру клавишами позиционирования и подтвердите клавишей Ввод. Все настройки камеры будут применены к текущей камере,,,,,,,,,0,,
"Current camera (on the upper right corner of panel display)... To select another camera as current simply press number key, or press arrow keys and confirm it with Enter. All camera specific values refer to this current camera",,Текущая камера ….выберете камеру клавишами позиционирования и подтвердите клавишей Ввод. Все настройки камеры будут применены к текущей камере,,,,,,,,,0,,
"Current camera (on the upper right corner of panel display)... To select another camera as current simply press number key, or press arrow keys and confirm it with Enter. All camera specific values refer to this current camera",,Текущая камера ….выберете камеру клавишами позиционирования и подтвердите клавишей Ввод. Все настройки камеры будут применены к текущей камере,,,,,,,,,0,,
"Current camera (on the upper right corner of panel display)... To select another camera as current simply press number key, or press arrow keys and confirm it with Enter. All camera specific values refer to this current camera",,Текущая камера ….выберете камеру клавишами позиционирования и подтвердите клавишей Ввод. Все настройки камеры будут применены к текущей камере,,,,,,,,,0,,
"Current camera (on the upper right corner of panel display)... To select another camera as current simply press number key, or press arrow keys and confirm it with Enter. All camera specific values refer to this current camera",,Текущая камера ….выберете камеру клавишами позиционирования и подтвердите клавишей Ввод. Все настройки камеры будут применены к текущей камере,,,,,,,,,0,,
"Current camera (on the upper right corner of panel display)... To select another camera as current simply press number key, or press arrow keys and confirm it with Enter. All camera specific values refer to this current camera",,Текущая камера ….выберете камеру клавишами позиционирования и подтвердите клавишей Ввод. Все настройки камеры будут применены к текущей камере,,,,,,,,,0,,
"Current camera (on the upper right corner of panel display)... To select another camera as current simply press number key, or press arrow keys and confirm it with Enter. All camera specific values refer to this current camera",,Текущая камера ….выберете камеру клавишами позиционирования и подтвердите клавишей Ввод. Все настройки камеры будут применены к текущей камере,,,,,,,,,0,,
"Current camera (on the upper right corner of panel display)... To select another camera as current simply press number key, or press arrow keys and confirm it with Enter. All camera specific values refer to this current camera",,Текущая камера ….выберете камеру клавишами позиционирования и подтвердите клавишей Ввод. Все настройки камеры будут применены к текущей камере,,,,,,,,,0,,
"Current camera (on the upper right corner of panel display)... To select another camera as current simply press number key, or press arrow keys and confirm it with Enter. All camera specific values refer to this current camera",,Текущая камера ….выберете камеру клавишами позиционирования и подтвердите клавишей Ввод. Все настройки камеры будут применены к текущей камере,,,,,,,,,0,,
"To change the default printer, please press Enter now|Select default printer with arrow keys and confirm it with Enter",,Для выбора принтера по умолчанию нажмите Ввод|Выберете клавишами принтер по умолчанию  и подтвердите клавишей Ввод ,,,,,,,,,0,,
"To change the default printer, please press Enter now|Select default printer with arrow keys and confirm it with Enter",,Для выбора принтера по умолчанию нажмите Ввод|Выберете клавишами принтер по умолчанию  и подтвердите клавишей Ввод ,,,,,,,,,0,,
"To change the default printer, please press Enter now|Select default printer with arrow keys and confirm it with Enter",,Для выбора принтера по умолчанию нажмите Ввод|Выберете клавишами принтер по умолчанию  и подтвердите клавишей Ввод ,,,,,,,,,0,,
"To change the default printer, please press Enter now|Select default printer with arrow keys and confirm it with Enter",,Для выбора принтера по умолчанию нажмите Ввод|Выберете клавишами принтер по умолчанию  и подтвердите клавишей Ввод ,,,,,,,,,0,,
"To change the default printer, please press Enter now|Select default printer with arrow keys and confirm it with Enter",,Для выбора принтера по умолчанию нажмите Ввод|Выберете клавишами принтер по умолчанию  и подтвердите клавишей Ввод ,,,,,,,,,0,,
"To change the default printer, please press Enter now|Select default printer with arrow keys and confirm it with Enter",,Для выбора принтера по умолчанию нажмите Ввод|Выберете клавишами принтер по умолчанию  и подтвердите клавишей Ввод ,,,,,,,,,0,,
"To change the default printer, please press Enter now|Select default printer with arrow keys and confirm it with Enter",,Для выбора принтера по умолчанию нажмите Ввод|Выберете клавишами принтер по умолчанию  и подтвердите клавишей Ввод ,,,,,,,,,0,,
"To change the default printer, please press Enter now|Select default printer with arrow keys and confirm it with Enter",,Для выбора принтера по умолчанию нажмите Ввод|Выберете клавишами принтер по умолчанию  и подтвердите клавишей Ввод ,,,,,,,,,0,,
"To change the default printer, please press Enter now|Select default printer with arrow keys and confirm it with Enter",,Для выбора принтера по умолчанию нажмите Ввод|Выберете клавишами принтер по умолчанию  и подтвердите клавишей Ввод ,,,,,,,,,0,,
"To change the default printer, please press Enter now|Select default printer with arrow keys and confirm it with Enter",,Для выбора принтера по умолчанию нажмите Ввод|Выберете клавишами принтер по умолчанию  и подтвердите клавишей Ввод ,,,,,,,,,0,,
"To change the default printer, please press Enter now|Select default printer with arrow keys and confirm it with Enter",,Для выбора принтера по умолчанию нажмите Ввод|Выберете клавишами принтер по умолчанию  и подтвердите клавишей Ввод ,,,,,,,,,0,,
"To change the default printer, please press Enter now|Select default printer with arrow keys and confirm it with Enter",,Для выбора принтера по умолчанию нажмите Ввод|Выберете клавишами принтер по умолчанию  и подтвердите клавишей Ввод ,,,,,,,,,0,,
"To change the default printer, please press Enter now|Select default printer with arrow keys and confirm it with Enter",,Для выбора принтера по умолчанию нажмите Ввод|Выберете клавишами принтер по умолчанию  и подтвердите клавишей Ввод ,,,,,,,,,0,,
"To change the default printer, please press Enter now|Select default printer with arrow keys and confirm it with Enter",,Для выбора принтера по умолчанию нажмите Ввод|Выберете клавишами принтер по умолчанию  и подтвердите клавишей Ввод ,,,,,,,,,0,,
"To change the default printer, please press Enter now|Select default printer with arrow keys and confirm it with Enter",,Для выбора принтера по умолчанию нажмите Ввод|Выберете клавишами принтер по умолчанию  и подтвердите клавишей Ввод ,,,,,,,,,0,,
"To change the default printer, please press Enter now|Select default printer with arrow keys and confirm it with Enter",,Для выбора принтера по умолчанию нажмите Ввод|Выберете клавишами принтер по умолчанию  и подтвердите клавишей Ввод ,,,,,,,,,0,,
"To choose another language, please press Enter now|Select default language with arrow keys and confirm it with Enter",,Для выбора другого языка нажмите Ввод|выберете клавишами язык по умолчанию и подтвердите клавишей Ввод,,,,,,,,,0,,
"To choose another language, please press Enter now|Select default language with arrow keys and confirm it with Enter",,Для выбора другого языка нажмите Ввод|выберете клавишами язык по умолчанию и подтвердите клавишей Ввод,,,,,,,,,0,,
"To choose another language, please press Enter now|Select default language with arrow keys and confirm it with Enter",,Для выбора другого языка нажмите Ввод|выберете клавишами язык по умолчанию и подтвердите клавишей Ввод,,,,,,,,,0,,
"To choose another language, please press Enter now|Select default language with arrow keys and confirm it with Enter",,Для выбора другого языка нажмите Ввод|выберете клавишами язык по умолчанию и подтвердите клавишей Ввод,,,,,,,,,0,,
"To choose another language, please press Enter now|Select default language with arrow keys and confirm it with Enter",,Для выбора другого языка нажмите Ввод|выберете клавишами язык по умолчанию и подтвердите клавишей Ввод,,,,,,,,,0,,
"To choose another language, please press Enter now|Select default language with arrow keys and confirm it with Enter",,Для выбора другого языка нажмите Ввод|выберете клавишами язык по умолчанию и подтвердите клавишей Ввод,,,,,,,,,0,,
"To choose another language, please press Enter now|Select default language with arrow keys and confirm it with Enter",,Для выбора другого языка нажмите Ввод|выберете клавишами язык по умолчанию и подтвердите клавишей Ввод,,,,,,,,,0,,
"To choose another language, please press Enter now|Select default language with arrow keys and confirm it with Enter",,Для выбора другого языка нажмите Ввод|выберете клавишами язык по умолчанию и подтвердите клавишей Ввод,,,,,,,,,0,,
"To choose another language, please press Enter now|Select default language with arrow keys and confirm it with Enter",,Для выбора другого языка нажмите Ввод|выберете клавишами язык по умолчанию и подтвердите клавишей Ввод,,,,,,,,,0,,
"To choose another language, please press Enter now|Select default language with arrow keys and confirm it with Enter",,Для выбора другого языка нажмите Ввод|выберете клавишами язык по умолчанию и подтвердите клавишей Ввод,,,,,,,,,0,,
"To choose another language, please press Enter now|Select default language with arrow keys and confirm it with Enter",,Для выбора другого языка нажмите Ввод|выберете клавишами язык по умолчанию и подтвердите клавишей Ввод,,,,,,,,,0,,
"To choose another language, please press Enter now|Select default language with arrow keys and confirm it with Enter",,Для выбора другого языка нажмите Ввод|выберете клавишами язык по умолчанию и подтвердите клавишей Ввод,,,,,,,,,0,,
"To choose another language, please press Enter now|Select default language with arrow keys and confirm it with Enter",,Для выбора другого языка нажмите Ввод|выберете клавишами язык по умолчанию и подтвердите клавишей Ввод,,,,,,,,,0,,
"To choose another language, please press Enter now|Select default language with arrow keys and confirm it with Enter",,Для выбора другого языка нажмите Ввод|выберете клавишами язык по умолчанию и подтвердите клавишей Ввод,,,,,,,,,0,,
"To choose another language, please press Enter now|Select default language with arrow keys and confirm it with Enter",,Для выбора другого языка нажмите Ввод|выберете клавишами язык по умолчанию и подтвердите клавишей Ввод,,,,,,,,,0,,
"To choose another language, please press Enter now|Select default language with arrow keys and confirm it with Enter",,Для выбора другого языка нажмите Ввод|выберете клавишами язык по умолчанию и подтвердите клавишей Ввод,,,,,,,,,0,,
To export the current alarm images press Enter key,,Для экспорта текущих изображений по тревоге нажмите клавишу Ввод,,,,,,,,,0,,
To show the first suspicious image press Enter now,,Для показа первого подозрительног изображения нажмите Ввод,,,,,,,,,0,,
To delete all suspicious images press Enter now,,Для удаления всех подозрительных изображений нажмите Ввод,,,,,,,,,0,,
"Current subnet mask (extension LAN)... This value is mandatory, if you have set the IP-Address (please, see in your manual). To change the subnet mask press Enter key, enter new value (example: 255.255.255.000) and confirm with Enter",,Текущая маска подсети …..Для выбора маски подсети нажмите Ввод,,,,,,,,,0,,
"To start export of images, please press Enter key",,Для начала экспорта изображений нажмите Ввод,,,,,,,,,0,,
"To switch on/off the target display, please press Enter key|Press arrow keys to choose and confirm it with Enter",,Отображение курсора движущегося объекта вкл./выкл.,,,,,,,,,0,,
"To change PIN, please press Enter now",,Изменить PIN код,,,,,,,,,0,,
"Recording alarms all the time or only during Camera Timers (global setting). To change, please press Enter|Choose with arrow keys and confirm it with Enter",,Действует постоянно или только по расписанию ,,,,,,,,,0,,
"Please, press Enter to start the Software Update. ATTENTION! After update finished, the unit will restart automatically!!!",,Начать обновление с флоппи диска,,,,,,,,,0,,
To change your time zone press Enter now,,Для изменения временной зоны нажмите Ввод,,,,,,,,,0,,
"Please, press Enter key to display the table of statistics",,Показ статистики,,,,,,,,,0,,
"Current %s name... To change the %s name, please press Enter now",,Текущее %s имя …..Для изменения %s нажмите Ввод,,,,,,,,,0,,
"Current gateway address (extension LAN)... To change the current gateway address, please press Enter. This value is optional",,Текущий адрес шлюза….Для изменения адреса шлюза нажмите Ввод,,,,,,,,,0,,
"View mode of this video output... To change view mode press Enter now|Choose view mode with arrow keys and confirm it with Enter. If set to 'Sequencer', please set also the dwell time in 'Dwell Time (s)' individually for each camera",,Режим просмотра видео выходов….Для изменения режима просмотра нажмите Ввод,,,,,,,,,0,,
"View mode of this video output... To change view mode press Enter now|Choose view mode with arrow keys and confirm it with Enter. If set to 'Sequencer', please set also the dwell time in 'Dwell Time (s)' individually for each camera",,Режим просмотра видео выходов….Для изменения режима просмотра нажмите Ввод,,,,,,,,,0,,
"View mode of this video output... To change view mode press Enter now|Choose view mode with arrow keys and confirm it with Enter. If set to 'Sequencer', please set also the dwell time in 'Dwell Time (s)' individually for each camera",,Режим просмотра видео выходов….Для изменения режима просмотра нажмите Ввод,,,,,,,,,0,,
"View mode of this video output... To change view mode press Enter now|Choose view mode with arrow keys and confirm it with Enter. If set to 'Sequencer', please set also the dwell time in 'Dwell Time (s)' individually for each camera",,Режим просмотра видео выходов….Для изменения режима просмотра нажмите Ввод,,,,,,,,,0,,
"Dwell time in seconds of current camera to be shown on video output set to 'Sequencer'... To change the dwell time, please press Enter now|Choose the time with arrow keys and confirm it with Enter. This value is individual for each camera",,Время задержки  вывода на монитор в режиме секвенсора….для выбора времени задержки нажмите Ввод,,,,,,,,,0,,
"Please, press Enter to switch on/off the audible alarm output of the system|Choose with arrow keys and confirm it with Enter",,Аварийный сигнал вкл./выкл.,,,,,,,,,0,,
"Please, press Enter key to show the alarm list",,Показать тревожный список по выбранной дате,,,,,,,,,0,,
"Please, press Enter key to edit the permanent mask of current camera",,Нажмите Ввод для выбора маски во весь экран,,,,,,,,,0,,
"To activate or deactivate the alarm output, please press Enter now. This is a global value|Choose with arrow keys and confirm it with Enter",,Включить или выключить выход тревоги,,,,,,,,,0,,
"Current first dialling number (LAN or ISDN), this is a global value... To change it press Enter now (please, see in your manual)|Please, enter new number and confirm it with Enter. To leave it unchanged simply press arrow keys",,Текщий номер дозвона….Для изменения  номера  1 нажмите Ввод,,,,,,,,,0,,
"Current second dialling number (LAN or ISDN), this is a global value... To change it press Enter now (please, see in your manual)|Please, enter new number and confirm it with Enter. To leave it unchanged simply press arrow keys",,Текщий номер дозвона….Для изменения  номера  2 нажмите Ввод,,,,,,,,,0,,
"Current third dialling number (LAN or ISDN), this is a global value... To change it press Enter now (please, see your manual)|Please, enter new number and confirm it with Enter. To leave it unchanged simply press arrow keys",,Текщий номер дозвона….Для изменения  номера  3 нажмите Ввод,,,,,,,,,0,,
"To continue the export of images, please press Enter now",, Для продолжения экспорта изображения нажмите Ввод,,,,,,,,,0,,
An error occurred during completing export of images.\nPlease replace the medium with another empty one and start export process again,,При завершении экспорта произошла ошибка.\nПожалуйста замените носитель и повторите процесс снова,,,,,,,,,0,,
Export of images successfully completed.\nPlease remove the medium.\n,,Экспорт изображений успешно завершен.\nПожалуйста выньте носитель.\n,,,,,,,,,0,,
There are no or no further images for this function.\n,,Нет изображений для этой функции.\n,,,,,,,,,0,,
Please insert an empty medium into the recorder.\nIt may take several seconds to identify the medium.\nThe medium will be automatically ejected after the export process.\n\nExport:\nfrom %s\nto   %s\n\nCamera:\n%s,,Пожалуйста вставьте пустой носитель в рекордер.\nДля идентификации носителя может потребоваться несколько секунд.\nНоситель будет извлечен после окончания экспорта.\n\nЭкспорт:\nот %s\nдо   %s\n\nКамера:\n%s,,,,,,,,,0,,
The medium is successfully prepared for export process.\nPlease wait...,,Носитель подготовлен для экспорта.\nПожалуйста подождите...,,,,,,,,,0,,
An error occurred during export process.\nPlease replace the medium with another one and start export process again,,Во время экспорта произошла ошибка.\nПожалуйста замените носитель и повторите процесс снова.,,,,,,,,,0,,
Copying reader software.\nPlease wait...,,Копирование программного обеспечения.\nПожалуйста ждите...,,,,,,,,,0,,
The medium is not readable.\nPlease replace the medium with another empty one and start export process again,,CD-R не читаемый.\nПожалуйста замените CD-R другим и повторите попытку,,,,,,,,,0,,
"Please enter start date and time, to export images from",,Пожалуйста введите дату и время начала экспорта изображений ,,,,,,,,,0,,
Date and time correct,,Дата и время верны,,,,,,,,,29,,
Error in Date / Time format,,Ошибка в дате и времени,,,,,,,,,29,,
Input Start date / time,,Ввод нач. дату и время,,,,,,,,,23,,
Input End date / time,,Ввод кон. дату и время,,,,,,,,,23,,
from: __.__.__ / __:__:__,,от: __.__.__ / __:__:__,,,,,,,,,29,CARE:  19 chars placeholder __.__.__ / __:__:__ for date / time required,
to:    __.__.__ / __:__:__,,до:   __.__.__ / __:__:__,,,,,,,,,29,CARE:  19 chars placeholder __.__.__ / __:__:__ for date / time required,
Please enter camera(s),,Введите камеры,,,,,,,,,23,,
No.: __,,No.:__,,,,,,,,,10,CARE: As short as possible, 2 chars placeholder __ for number required,
"Please enter end date and time, to export images to",,Введите конечные даты и время для экспорта изображений от,,,,,,,,,0,,
"Please enter cameras, to export images from",,Выберите камеры для экспорта изображений,,,,,,,,,0,,
Export of images successful,,Экспорт изображений завершен,,,,,,,,,0,,
This image was manipulated or it is damaged!,,Возможно это изображение повреждено!,,,,,,,,,0,,
The inserted medium has no space left for another export.\nPlease replace the medium with another one and start export process again.,,На имеющемся носителе нет места.\nПожалуйста замените носитель и повторите экспорт снова.,,,,,,,,,0,,
The medium is not empty.\nPlease replace the medium with another empty one and start export process again,,Носитель не пуст.\nПожалуйста замените носитель на пустой и повторите экспорт снова.,,,,,,,,,0,,
Version,,Версия,,,,,,,,,0,,
Choose the %s from the %s list and confirm it with the Enter key,,Выберете %s от %s списка и подтвердите клавишей Ввод,,,,,,,,,0,,
No images available,,Нет доступных изображений,,,,,,,,,0,,
There are too many images to export.\nPlease reduce the specified time period or the number of cameras,,Слишком много изображений для экспорта.\nПожалуйста уменьшите период времени или количество камер.,,,,,,,,,0,,
There are no images to export in the specified time period\n,,В указанном периоде времени нет изображений.\n,,,,,,,,,0,,
Please wait while the medium is being prepared for export process.\nThis may take several minutes.\n\nElapsed time: %s,,Пожалуйста подождите пока идет подготовка носителя.\nЭто может занять несколько минут.\n\nПрошло времени: %s,,,,,,,,,0,,
Images successfully copied.\nFinishing export of images.\nThis may take several minutes.\n\nElapsed time: %s,,Изображения удачно скопированны.\nЗавершение экспорта изображений.\nЭто может занять несколько минут.\n\nПрошло времени: %s,,,,,,,,,0,,
The image cannot be displayed,,Изображение не может быть отображено.,,,,,,,,,0,,
Please insert an empty medium into the recorder.\nIt may take several seconds to identify the medium.\nThe medium will be automatically ejected after the export process.\n\nExport alarm images:\nfrom %s\nto   %s\n,,Пожалуйста вставьте в рекордер пустой носитель.\nДля идентификации носителя может потребоваться несколько минут.\nпосле завершения процесса экспорта носитель будет извлечен.\n\nЭкспорт изображений по тревоге:\nот %s\nдо   %s\n,,,,,,,,,0,,
Invalid search date,,Дата неверна,,,,,,,,,29,,
Invalid search time,,Время неверно,,,,,,,,,29,,
hhmm,,ччмм,,,,,,,,,4,Abbreviation for Hour-Minute,
Always active,,Всегда активно,,,,,,,,,20,CARE: 29 chars in total inclusive ??? chars for the translation of '>Alarm inputs: ',
Timer active,,Расписание активно,,,,,,,,,20,CARE: 29 chars in total inclusive ??? chars for the translation of '>Alarm inputs: ',
Insert disk %d,,Всавьте диск %d,,,,,,,,,29,CARE: format specifier %d is required,
Update successful,,Обновление завершено,,,,,,,,,29,,
Update running...,,Обновление в процессе..,,,,,,,,,29,,
Copy failed,,Копирование неудалось,,,,,,,,,29,,
Checksum wrong,,Контр. сумма не верна,,,,,,,,,29,,
Wrong update disk,,Обновлений нет ,,,,,,,,,29,,
Floppy disk read error,,Ошибка чтения диска,,,,,,,,,29,,
No or wrong disk,,Нет диска или он поврежден,,,,,,,,,29,,
Wrong OEM version,,Неверная OEM версия,,,,,,,,,29,,
Wrong version number,,Неверный номер версии,,,,,,,,,29,,
Time zone changed,,Часовой пояс изменен,,,,,,,,,29,,
Time zone not changed,,Часовой пояс не изменен,,,,,,,,,29,,
"Input your time zone code (please, look at your manual)",,Введите код вашего часового пояса. (Смотрите вашу документацию),,,,,,,,,0,,
Start time:,,Время начала:,,,,,,,,,13,,
Days:,,Дни:,,,,,,,,,7,,
Images:,,Изображен.:,,,,,,,,,11,,
"Error, no camera",,"Ошибка, нет камеры",,,,,,,,,29,,
Name successfully changed,,Имя удачно изменено,,,,,,,,,29,,
Could not change name,,Неудалось изменить имя,,,,,,,,,29,,
%s list,,%s список,,,,,,,,,22,CARE: format specifier %s is required,
%s list is empty,,%s список пуст,,,,,,,,,22,CARE: format specifier %s is required,
Invalid license number,,Номер лицензии неверен,,,,,,,,,29,,
Disconnect,,Отключение,,,,,,,,,23,,
Gateway address changed,,Адрес шлюза изменен,,,,,,,,,29,,
Gateway address not changed,,Адрес шлюза не изменен,,,,,,,,,29,,
"Enter the gateway address and confirm it with Enter key... ATTENTION! The unit will restart automatically by confirming the new gateway address! To leave it unchanged, simply press arrow keys",,Введите адрес шлюза и подтвердите клавишей Ввод.....Модуль автоматически перезагрузится,,,,,,,,,0,,
Current camera,,Текущая камера,,,,,,,,,20,CARE: 29 chars in total inclusive ??? chars for the translation of '>Output1',
Sequencer,,После-е переключение,,,,,,,,,20,CARE: 29 chars in total inclusive ??? chars for the translation of '>Output1',
Activity,,Активна ,,,,,,,,,20,CARE: 29 chars in total inclusive ??? chars for the translation of '>Output1',
Calculate end date/time successful.\nPress enter to use calculated end date and time to get optimal utilisation of mediums capacity.\n\nExport:\nfrom %s\n\nCamera(s):\n%s,,Дата и время успешно подсчитаны.\nНажмите Ввод чтоб использовать рассчетные дату и время для оптимального использования носителя.\n\nЭкспорт:\nот %s\n\nКамера:\n%s,,,,,,,,,0,,
"Calculate end date/time successful.\nEnd date and time indicates newest image found of selected camera(s). There are not enough images to fill all mediums capacity.\nPlease, press Enter to use calculated end date/time or select an older start date/time or select more cameras.\n\nMediums utilization: ca. %s %%\n\nExport:\nfrom %s\n\nCamera(s):\n%s",,Дата и время окончания подсчитаны успешно.\nВремя показывает конец новых изображения выделенных камер.Не достаточно изображений для оптимального использования носителя.\n\nПриблизительно использовано:  %s %%\n\nЭкспорт:\nот%s\n\nКамера:\n%s,,,,,,,,,0,,
Please wait...\nCalculating optimal end date/time for export of images,,Пожалуйста ждите...\Идет подсчет времени/даты  оптимального окончания экспорта изображений.,,,,,,,,,0,,
"No images found behind selected start date/time. Please, enter an older start date/time",,До выбранной даты/времени начала изображения не обнаружены. Пожалуйста введите более поздние время и дату начала.,,,,,,,,,0,,
"Calculate end date/time failed.\nPlease, enter end date/time to export images from.\n\nExport:\nfrom %s\n\nCamera(s):\n%s",,Подсчет даты и времени неудался.\Пожалуйста введите дату и время окончания экспорта изображений от.\n\nЭкспорт:\nот %s\n\nКамера:\n%s,,,,,,,,,0,,
Calculate failed,,Подсчет неудался,,,,,,,,,29,,
Advanced...,,Расширенный...,,,,,,,,,29,,
"Please, press Enter to edit the %s list or to create new entries",,"Нажмите Ввод чтоб редактировать %s список, или ввести новый.",,,,,,,,,0,,
Dialling number set,,Набор номеров дозвона,,,,,,,,,29,,
Dialling number not set,,Вызываемый номер не набран,,,,,,,,,29,,
:___.___.___.___,,:___.___.___.___,,,,,,,,,16,,
:________________,,:________________,,,,,,,,,17,,
"Please enter cameras, to export images from",,Выберите камеры для экспорта изображений,,,,,,,,,0,,
"Camera filter...If this filter is activated, alarms (A, Ext1, Ext2, L if pressed) from this camera are shown in the alarm list. You can also activate more cameras at the same time",,"Фильтр камеры ….Если фильтр активирован, события (A, Ext1, Ext2, L если активны) выбранной камеры будут видны в тревожном списке. Вы можете активировать больше камер одновременно",,,,,,,,,0,,
"Shows alarms from the activity (A) detection in the alarm list. Please, select also one or more camera filters to view the alarms from",,"Показает события детектора движения (А) в тревожном списке. Выберете также один или более фильтров камеры, чтобы видеть тревоги от  ",,,,,,,,,0,,
"Shows alarms from the first external (Ext1) alarm connector in the alarm list. Please, select also one or more camera filters to view the alarms from",,"Показает события от первого внешнего датчика (Ext1) в тревожном списке. Выберете также один или более фильтров камеры, чтобы видеть тревоги от  ",,,,,,,,,0,,
"Shows alarms from the second external (Ext2) alarm connector in the alarm list. Please, select also one or more camera filters to view the alarms from",,"Показает события от второго внешнего датчика (Ext2) в тревожном списке. Выберете также один или более фильтров камеры, чтобы видеть тревоги от  ",,,,,,,,,0,,
Opens for each camera only one new playback window to show the selected image. In this new window(s) you can also use all replay functions,,Открывает для каждой камеры только одно новое окно для просмотра выбранных изображений. В этом новом окне вы можете использовать все функции просмотра.,,,,,,,,,0,,
Shows the alarm list of the next day,,Показать тревожный список следующего дня,,,,,,,,,0,,
Shows the alarm list of the previous day,,Показать тревожный список предыдущего дня,,,,,,,,,0,,
Close statistics,,Закрыть статистику,,,,,,,,,0,,
Deletes the permanent mask,,Удалить маску вов весь экран,,,,,,,,,0,,
Inverts the permanent mask,,Инвертировать маску во весь экран,,,,,,,,,0,,
"Shows the adaptive mask over the image... It cannot be changed, please change the 'Masking Sensitivity' instead",,"Показывает адаптивную маску в изображении... Она не может быть изменена, при необходимости измените 'Чувствительность Маски' ",,,,,,,,,0,,
Close the alarm list,,Закрыть список тревог,,,,,,,,,0,,
Close the mask editor,,Закрыть редактор маски,,,,,,,,,0,,
Close the %s list dialog,,Закрыть окно списка %s,,,,,,,,,0,,
Insert a new entry in the %s list,,Вставить  в выбранном %s списке,,,,,,,,,0,,
Delete the selected %s list entry,,Удалить в выбранном  %s списке,,,,,,,,,0,,
"Name of the remote %s currently selected in the %s list... Click here, to edit this entry",,Имя удаленного %s выбранного в %s списка...Нажмите здесь для редактирования.,,,,,,,,,0,,
"IP address of the remote %s currently selected in the %s list...Click here, to edit this entry",,IP адрес удаленного %s выбранного в  %s списке...Нажмите вздесь для редактирования.,,,,,,,,,0,,
Jump to the start of the %s list,,Перейти к началу %s списка.,,,,,,,,,0,,
Scroll to the next page of the %s list,,Перейти к следующей странице  %s списка.,,,,,,,,,0,,
Scroll to the previous page of the %s list,,Перейти к предыдущей странице  %s списка.,,,,,,,,,0,,
Jump to the end of the %s list,,Перейти к концу %s списка,,,,,,,,,0,,
Shows the previous page of the alarm list,,Показать предыдущую страницу в тревожном списке,,,,,,,,,0,,
Shows the next page of the alarm list,,Показать следующую страницу в тревожном списке,,,,,,,,,0,,
Print the alarm list from the current selected day,,Печатать список тревог выбранного дня,,,,,,,,,0,,
"Camera filter...If this filter is activated, alarms (A, Ext1, Ext2, L if pressed) from this camera are shown in the alarm list. You can also activate more cameras at the same time",,"Фильтр камеры ….Если фильтр активирован, события (A, Ext1, Ext2, L если активны) выбранной камеры будут видны в тревожном списке. Вы можете активировать больше камер одновременно",,,,,,,,,0,,
"Camera filter...If this filter is activated, alarms (A, Ext1, Ext2, L if pressed) from this camera are shown in the alarm list. You can also activate more cameras at the same time",,"Фильтр камеры ….Если фильтр активирован, события (A, Ext1, Ext2, L если активны) выбранной камеры будут видны в тревожном списке. Вы можете активировать больше камер одновременно",,,,,,,,,0,,
"Camera filter...If this filter is activated, alarms (A, Ext1, Ext2, L if pressed) from this camera are shown in the alarm list. You can also activate more cameras at the same time",,"Фильтр камеры ….Если фильтр активирован, события (A, Ext1, Ext2, L если активны) выбранной камеры будут видны в тревожном списке. Вы можете активировать больше камер одновременно",,,,,,,,,0,,
"Camera filter...If this filter is activated, alarms (A, Ext1, Ext2, L if pressed) from this camera are shown in the alarm list. You can also activate more cameras at the same time",,"Фильтр камеры ….Если фильтр активирован, события (A, Ext1, Ext2, L если активны) выбранной камеры будут видны в тревожном списке. Вы можете активировать больше камер одновременно",,,,,,,,,0,,
"Camera filter...If this filter is activated, alarms (A, Ext1, Ext2, L if pressed) from this camera are shown in the alarm list. You can also activate more cameras at the same time",,"Фильтр камеры ….Если фильтр активирован, события (A, Ext1, Ext2, L если активны) выбранной камеры будут видны в тревожном списке. Вы можете активировать больше камер одновременно",,,,,,,,,0,,
"Camera filter...If this filter is activated, alarms (A, Ext1, Ext2, L if pressed) from this camera are shown in the alarm list. You can also activate more cameras at the same time",,"Фильтр камеры ….Если фильтр активирован, события (A, Ext1, Ext2, L если активны) выбранной камеры будут видны в тревожном списке. Вы можете активировать больше камер одновременно",,,,,,,,,0,,
"Camera filter...If this filter is activated, alarms (A, Ext1, Ext2, L if pressed) from this camera are shown in the alarm list. You can also activate more cameras at the same time",,"Фильтр камеры ….Если фильтр активирован, события (A, Ext1, Ext2, L если активны) выбранной камеры будут видны в тревожном списке. Вы можете активировать больше камер одновременно",,,,,,,,,0,,
"Camera filter...If this filter is activated, alarms (A, Ext1, Ext2, L if pressed) from this camera are shown in the alarm list. You can also activate more cameras at the same time",,"Фильтр камеры ….Если фильтр активирован, события (A, Ext1, Ext2, L если активны) выбранной камеры будут видны в тревожном списке. Вы можете активировать больше камер одновременно",,,,,,,,,0,,
"Camera filter...If this filter is activated, alarms (A, Ext1, Ext2, L if pressed) from this camera are shown in the alarm list. You can also activate more cameras at the same time",,"Фильтр камеры ….Если фильтр активирован, события (A, Ext1, Ext2, L если активны) выбранной камеры будут видны в тревожном списке. Вы можете активировать больше камер одновременно",,,,,,,,,0,,
"Camera filter...If this filter is activated, alarms (A, Ext1, Ext2, L if pressed) from this camera are shown in the alarm list. You can also activate more cameras at the same time",,"Фильтр камеры ….Если фильтр активирован, события (A, Ext1, Ext2, L если активны) выбранной камеры будут видны в тревожном списке. Вы можете активировать больше камер одновременно",,,,,,,,,0,,
"Camera filter...If this filter is activated, alarms (A, Ext1, Ext2, L if pressed) from this camera are shown in the alarm list. You can also activate more cameras at the same time",,"Фильтр камеры ….Если фильтр активирован, события (A, Ext1, Ext2, L если активны) выбранной камеры будут видны в тревожном списке. Вы можете активировать больше камер одновременно",,,,,,,,,0,,
"Camera filter...If this filter is activated, alarms (A, Ext1, Ext2, L if pressed) from this camera are shown in the alarm list. You can also activate more cameras at the same time",,"Фильтр камеры ….Если фильтр активирован, события (A, Ext1, Ext2, L если активны) выбранной камеры будут видны в тревожном списке. Вы можете активировать больше камер одновременно",,,,,,,,,0,,
"Camera filter...If this filter is activated, alarms (A, Ext1, Ext2, L if pressed) from this camera are shown in the alarm list. You can also activate more cameras at the same time",,"Фильтр камеры ….Если фильтр активирован, события (A, Ext1, Ext2, L если активны) выбранной камеры будут видны в тревожном списке. Вы можете активировать больше камер одновременно",,,,,,,,,0,,
"Camera filter...If this filter is activated, alarms (A, Ext1, Ext2, L if pressed) from this camera are shown in the alarm list. You can also activate more cameras at the same time",,"Фильтр камеры ….Если фильтр активирован, события (A, Ext1, Ext2, L если активны) выбранной камеры будут видны в тревожном списке. Вы можете активировать больше камер одновременно",,,,,,,,,0,,
"Camera filter...If this filter is activated, alarms (A, Ext1, Ext2, L if pressed) from this camera are shown in the alarm list. You can also activate more cameras at the same time",,"Фильтр камеры ….Если фильтр активирован, события (A, Ext1, Ext2, L если активны) выбранной камеры будут видны в тревожном списке. Вы можете активировать больше камер одновременно",,,,,,,,,0,,
Please enter start date/time to export images from. Default start date and time indicate the oldest image found of selected camera(s),,Введите дату и время начала экспорта изображений. По умолчанию запись начнется с наиболее старых изображений выделенной камеры. ,,,,,,,,,0,,
"More than one medium is necessary, because amount of images between selected start and end date/time is larger than the capacity of medium. Please, start backup with calculated end date/time first, then choose menu item 'Continue backup'. The second backup continues the first.\n\nExport: \nfrom %s\n\nCamera(s):\n%s",,"Необходим более чем один носитель, потому что расчетный объем изображений превышает объем носителя. Пожалуйста начните резервирование с рассчетным временем начала и конца и далее выберете в меню 'Продолжить резервирование'. Второй носитель будет записан после первого.\n\nЭкспорт: \nот %s\n\nКамера:\n%s",,,,,,,,,0,,
A,,A,,,,,,,,,13,Abbreviation for 'Activity'. CARE>: 29 chars in total with the translation 'Alarm call at: ',
"A,Ext1",,"A,Ext1",,,,,,,,,13,Abbreviation for 'Activity and Extern Alarm 1',
"A,Ext2",,"A,Ext2",,,,,,,,,13,Abbreviation for 'Activity and Extern Alarm 2',
"A,Ext1,Ext2",,"A,Ext1,Ext2",,,,,,,,,13,Abbreviation for 'Activity and Extern Alarm 1 and Extern Alarm 2',
Ext1,,Ext1,,,,,,,,,13,Abbreviation for 'Extern Alarm 1',
Ext2,,Ext2,,,,,,,,,13,Abbreviation for 'Extern Alarm 2',
"Ext1,Ext2",,"Ext1,Ext2",,,,,,,,,13,Abbreviation for 'Extern Alarm 1 and Extern Alarm 2',
Off,,Выкл,,,,,,,,,13,CARE>: 29 chars in total with the translation 'Alarm call at: ',
Extension code accepted,,Extension код принят,,,,,,,,,29,,
Extension code failed,,Extension код неверен,,,,,,,,,29,,
Export continues directly after previous export.\n\nPrevious export:\nfrom %s\nto   %s\n\nContinuing export:\nfrom %s\n\nCamera(s):\n%s,,Продолжение экспорта после предыдущего экспорта.\n\nПредыдущий экспорт:\nот %s\nдо   %s\n\nПродолжение экспорта:\nот %s\n\nКамера:\n%s,,,,,,,,,0,CAVEAT: Please adjust "from %s" and "to   %s" to the same length,
Export continues directly after previous export.\n\nPrevious export:\nfrom %s\nto   %s\n\nContinuing export:\nfrom %s\n\nCamera(s):\n%s\n\nPlease wait...\nCalculating optimal end date/time for export of images...,,Продолжение экспорта после предыдущего экспорта.\n\nпредыдущий экспорт:\nот %s\nдо   %s\n\nпродолжение экспорта:\nот %s\n\nКамера:\n%s\n\nПожалуйста ждите...\nИдет подсчет оптимального времени завершения экспорта изображений...,,,,,,,,,0,CAVEAT: Please adjust "from %s" and "to   %s" to the same length,
Export continues directly after previous export.\n\nPrevious export:\nfrom %s\nto   %s\n\nContinuing export:\nfrom %s\n\nCamera(s):\n%s\n\nCalculate end date/time successful. Not enough images to fill all mediums capacity.\n\nMediums utilization: ca. %s %%,,Продолжение экспорта после предыдущего экспорта.\n\nПредыдущий экспорт:\nот %s\nдо   %s\n\nПродолжение экспорта:\nот %s\n\nКамера:\n%s\n\nПодсчет времени окончания завершен. Недостаточно изображений для оптимального использования носителя.\n\nПриблизительно использовано %s %%,,,,,,,,,0,CAVEAT: Please adjust "from %s" and "to   %s" to the same length,
"Export continues directly after previous export.\n\nPrevious export:\nfrom %s\nto   %s\n\nContinuing export:\nfrom %s\n\nCamera(s):\n%s\n\nCalculate end date/time successful. Please, press Enter to use calculated end date/time to get optimal utilisation of mediums capacity",,Продолжение экспорта после предыдущего экспорта.\n\nПредыдущий экспорт:\nот %s\nдо   %s\n\nПродолжение экспорта:\nот %s\n\nКамера:\n%s\n\nПодсчет времени окончания завершен. Нажмите Ввод чтоб использовать оптимальное время завершения.,,,,,,,,,0,CAVEAT: Please adjust "from %s" and "to   %s" to the same length,
"Defines for the current camera which detector causes an alarm call. A=activity detection, Ext1=first external detector, Ext2=second external detector, or a combination of them. Please, press Enter to change|Choose with arrow keys and confirm it with Enter",,"Определяет по каким причинам произошел вызов для текущей камеры. A = детектор движения, Ext1=Первый внешний датчик, Ext2=второй внешний датчик…. или их комбинация. Установки сохраняются для каждой камеры. Нажмите Ввод для редактирования и используйте стрелки для выбора, подтвердите нажатием Ввод.",,,,,,,,,0,,
To enter extension code please press Enter key,,Для  ввода расширенного кода нажмите клавишу Ввод,,,,,,,,,0,,
"To export the system settings, please press Enter now (consult your manual to see which settings will be exported)",,Для экспорта системных настроек нажмите клавишу Ввод (в инструкции пользователя Вы можете посмотреть какие именно настройки будут экспортироваться) ,,,,,,,,,0,,
"To import previous exported system settings, please press Enter (consult your manual to see which settings will be imported)",,"Для импорта предыдущих экспортированных настроек, нажмите клавишу Ввод (в инструкции пользователя Вы можете посмотреть какие именно настройки будут импортироваться) ",,,,,,,,,0,,
To display the system information please press Enter now,,Для просмотра информации о системе нажмите Ввод,,,,,,,,,0,,
"Image resolution of ALL cameras. To change it, please press Enter now. High resolution produces better image quality but larger image size|Choose image resolution with arrow keys and press Enter to select",,Для выбора разрешения нажмите Ввод. Выберете разрешение стрелками и нажмите Ввод,,,,,,,,,0,,
"To change the image compression of CURRENT camera, please press Enter now. High compression produces low quality images but smaller image size|Choose the image compression with arrow keys and press Enter to select",,"Для изменения степени компрессии нажмите клавишу Ввод, выберете степень компрессии стрелками и нажмите Ввод",,,,,,,,,0,,
Export continues directly after previous export.\n\nPrevious export:\nfrom %s\nto   %s\n\nContinuing export:\nfrom %s\n\nCamera(s):\n%s.\n\nCalculate end date/time failed.\nPlease enter the end date/time till which you want to export images,,Продолжение экспорта после предыдущего экспорта.\n\nПредыдущий экспорт:\nот %s\nдо   %s\n\nпродолжение экспорта:\nот %s\n\nКамера:\n%s.\n\nПодсчет времени окончания неудался.\nПожалуйста введите дату и время окончания для изображений которые вы хотите экспортировать.,,,,,,,,,0,CAVEAT: Please adjust "from %s" and "to   %s" to the same length,
Shutdown system,,Завершение работы,,,,,,,,,23,,
Reboot system,,Перезагрузка ,,,,,,,,,23,,
No images found,,Нет изображений,,,,,,,,,29,,
No images found between start date/time and end date/time. Please enter new end date/time.\nPress Enter to use calculated end date/time to get optimal utilisation of mediums capacity.\n\nExport:\nfrom %s\n\nCamera(s):\n%s,,В этом промежутке не найдено изображений. Пожалуйста введите новые дату и время.\nНажмите Ввод для использования оптимального расчетного времени окончания.\n\nЭкспорт:\nот %s\n\nКамера:\n%s,,,,,,,,,0,,
No images found between start date/time and end date/time. Please enter new end date/time.\nCalculated end date/time indicates newest image of selected cameras. Not enough images to fill all mediums capacity.\n\nMediums utilization: ca. %s %%\n\nExport:\nfrom %s\n\nCamera(s):\n%s,,Изображения необнаружены.введите новое время окончания.\nрасчетное время показывает самые новые изображения выбранных камер. Недостаточно изображений для оптимального использования носителя.\n\nПриблизительно использовано%s %%\n\nЭкспорт:\nот %s\n\nКамера:\n%s,,,,,,,,,0,,
>Exit program,,>Выйти из программы,,,,,,,,,29,,
Yes,,Да,,,,,,,,,6,CARE: 29 chars in total inclusive 2 chars ': ' and ??? chars for the translation of 'Activity detection' or 'Alarm/Pre-Alarm',
No,,Нет,,,,,,,,,6,CARE: 29 chars in total inclusive 2 chars ': ' and ??? chars for the translation of 'Activity detection' or 'Alarm/Pre-Alarm',
Choose 'Yes' or 'No' with arrow keys then confirm it with Enter...CAUTION! ALL previous images of THIS camera will be permanently erased when confirming with 'Yes'!,,"Выберете режим записи клавишами со стрелками и подтвердите клавишей Ввод....ВНИМАНИЕ! Все предыдушие изображения этой камеры будут стерты, подтвердите клавишей 'Да'",,,,,,,,,0,,
OK,,OK,,,,,,,,,0,,
Cancel,,Отмена,,,,,,,,,0,,
Error,,Ошибка,,,,,,,,,0,,
To install new drivers Supervisor rights are required.\nPlease enter your PIN,,Для получения доступа к системе требуются права администратора.\nПожалуйста введите ваш PIN код.,,,,,,,,,0,,
Export Images,,Экспорт изображений,,,,,,,,,0,,
QWERTYUIOPASDFGHJKLZXCVBNM,,ЙЦУКЕНГШЩЗФЫВАПРОЛДЯЧСМИТЬ?ЖЭЮЪЁ,,,,,,,,,32,26 normal upper case characters as in your keyboard layout plus 6 optional special characters,
qwertyuiopasdfghjklzxcvbnm,,qwertyuiopasdfghjklzxcvbnmх?эюъё,,,,,,,,,32,26 normal lower case characters as in your keyboard layout plus 6 optional special characters,
Detected medium is not empty.\nExport of images is possible to empty mediums only. The medium has to be erased before export of images.\nSelect menu item 'Erase medium: Yes' and press Enter.\nThe medium will be erased before start export of images,,Обнаруженный носитель не пуст.\nЭкспорт изображений возможен только на пустой носитель. Сначала нужно очистить носитель.\nВыберете в пункте меню 'Очистка носителя: Да' и нажмите Ввод.\nНоситель будет автоматически стерт перед экспортом изображений.,,,,,,,,,0,,
Erasing medium: %d %%\n,,Очистка носителя: %d %%\n,,,,,,,,,0,,
Preparing export of images.\n\nProgress: %d %%\n\nElapsed time: %s,,Подготовка к экспорту изображений.\n\nПроцесс : %d %%\n\nПрошедшее время: %s,,,,,,,,,0,,
Please insert a medium into the recorder.\nIt may take several seconds to identify the medium.\nThe medium will be ejected automatically after the export process,,Пожалуйста вставьте носитель в рекордер.\nМожет занять несколько секунд для определения носителя.,,,,,,,,,0,,
Erase medium,,Очистка носителя,,,,,,,,,23,,
Please insert a medium into the recorder or simply press arrow keys to abort process,,Пожалуйста вставьте носитель в рекордер или нажмите клавиши со стрелками для прекращения процесса.,,,,,,,,,0,,
Detected medium is not empty. Erase medium before export of images?,,Обнаруженный носитель не пуст. Очистить носитель перед экспортом?,,,,,,,,,0,,
Expecting medium,,Ожидание носителя,,,,,,,,,29,,
Insert medium,,Вставьте носитель,,,,,,,,,23,,
Medium detected,,Носитель найден,,,,,,,,,23,,
Export of images requires an empty medium.\nPlease erase the medium or insert another one,,Для экспорта изображений требуется пустой носитель.\nПожалуйста очистите носитель или вставьте другой.,,,,,,,,,0,,
Found new device: ,,Обнаружено новое устройство: ,,,,,,,,,0,,
Removed device: ,,Удаленное устройство: ,,,,,,,,,0,,
"Detected medium is not empty.\nTo use mediums full capacity it has to be erased before export of images. If not erased export of images will use mediums available free space only.\nMake your choice, select menu item and press Enter",,"Обнаруженный носитель не пуст.\n Для использования полного объема носитель необходимо очистить. Иначе при экспорте будет использовано только свободное пространство.\nСделайте выбор, выберете пункт меню и нажмите Ввод.",,,,,,,,,0,,
There is not enough space left on medium to export images.\nPlease erase medium or use another one,,На носителе недостаточно места для экспорта.\nПожалуйста очистите носитель или используйте другой.,,,,,,,,,0,,
Erasing extern medium\n\nTime: %s,,Очистка внешнего носителя\n\nВремя: %s,,,,,,,,,0,,
Export progress: %d %%\n\nTime: %s,,Прогресс экспорта: %d %%\n\nВремя: %s,,,,,,,,,0,,
Import successful,,Импорт удался,,,,,,,,,29,,
Import failed,,Импорт не удался,,,,,,,,,29,,
Import in progress...,,Идет импорт...,,,,,,,,,29,,
Fixed camera,,Установленная камера,,,,,,,,,23,CARE: 29 cahracters inclusive ??? characters for the translation of '>Type: ',
The preparing of the export of images was cancelled by the user,,Подготовка к экспорту изображений отменена пользователем.,,,,,,,,,0,,
The export of images was cancelled by the user,,Экспорт изображений отменен пользователем,,,,,,,,,0,,
\nThe export of images will be cancelled.\nPlease wait...\n,,\nЭкспорт будет отменен.\nПожалуйста ждите...\n,,,,,,,,,0,,
A,,A,,,,,,,,,16,Abbreviation for Activity'; CARE: 29 chars in total inclusive 2 chars ' :' and ??? chars for the translation of 'Record Mode',
"Please, press Enter key to switch on/off the realtime playback|Press arrow keys to choose and confirm it with Enter",,Нажмите Ввод для выбора режима воспроизведения в реальном времени вкл./выкл. Нажмите клавиши со стрелками для выбора и подтвердите нажатием кливиши Ввод,,,,,,,,,0,,
"Type of current camera... To change the camera type, please press Enter now|Press arrow keys to choose camera type and confirm it with Enter",,"Для выбора типа камеры нажмите Ввод, сделайте выбор клавишами со стрелками и подтвердите нажатием клавиши Ввод ",,,,,,,,,0,,
"ID of current camera... To change the camera ID, please press Enter now|Please, enter the ID number and confirm it with Enter",,"Для выбора ID камеры нажмите Ввод, сделайте выбор клавишами со стрелками и подтвердите нажатием клавиши Ввод ",,,,,,,,,0,,
"To change the COM port for this camera, please press Enter now|Select with arrow keys and confirm it with Enter",,"Для выбора com порта камеры нажмите Ввод, сделайте выбор клавишами со стрелками и подтвердите нажатием клавиши Ввод ",,,,,,,,,0,,
L ,,У,,,,,,,,,16,Abbreviation for 'Level'; CARE: 29 chars in total inclusive 2 chars ' :' and ??? chars for the translation of 'Record Mode',
Ext,,экст,,,,,,,,,16,Abbreviation for 'Extern'; CARE: 29 chars in total inclusive 2 chars ' :' and ??? chars for the translation of 'Record Mode',
"A,L",,"А,L",,,,,,,,,16,CARE: 29 chars in total inclusive 2 chars ' :' and ??? chars for the translation of 'Record Mode',
"A,Ext",,"А,экст",,,,,,,,,16,Abbreviation for Activity or Extern'; CARE: 29 chars in total inclusive 2 chars ' :' and ??? chars for the translation of 'Record Mode',
"L,Ext",,"У,экст",,,,,,,,,16,Abbreviation for Level or Extern'; CARE: 29 chars in total inclusive 2 chars ' :' and ??? chars for the translation of 'Record Mode',
"A,L,Ext",,"А,У,экст",,,,,,,,,16,Abbreviation for Activity or Level or Extern'; CARE: 29 chars in total inclusive 2 chars ' :' and ??? chars for the translation of 'Record Mode',
>Listen In,,>слушать,,,,,,,,,24,CARE: 29 chars in total inclusive 2 chars ' :' and ??? chars for the translation of 'On' or 'Off',
"Current audio assigned camera. The audio recording can only be assigned to one camera at the same time... To change the audio assignment, please press Enter now|Choose with arrow keys and confirm it with Enter",,"Текущая привязка аудио канала к камере. Аудио запись может быть привязана только к одной камере... Для изменения привязки Аудио, нажмите клавишу Ввод, сделайте выбор клавишами со стрелками и подтвердите нажатием клавиши Ввод",,,,,,,,,0,,
"Current Threshold on audio assigned camera. Defines the sound level that, when exceeded, activates the recording... To adjust the threshold, please press Enter|Choose with arrow keys and confirm it with Enter",,"Текущий порог на аудио канал привязанной каеры. Определяет уровень звука, который активирует запись... Для установки порога пожалуйста нажмите клавишу Ввод, сделайте выбор клавишами со стрелками и подтвердите нажатием клавиши Ввод",,,,,,,,,0,,
"Current Sensitivity. Defines the amplification level of the audio input (microphone)... To adjust the audio sensitivity, please press Enter|Choose with arrow keys and confirm it with Enter key",,"Текущая чувствительность. Определяет уровень усиления аудио входа (микрофона)... Для выбора аудио чувствительности нажмите клавишу Ввод, сделайте выбор клавишами со стрелками и подтвердите нажатием клавиши Ввод",,,,,,,,,0,,
"Current Volume. Defines the volume of the audio output (loudspeaker)... To adjust the volume, please press Enter|Choose with arrow keys and confirm it with Enter key",,Текущая громкость. Определяет громкость аудио выхода (динамиков)... Для выбора уровня громкости нажмите влавишу Ввод ,,,,,,,,,0,,
"Current alarm type on audio assigned camera. Defines what kind of detector activates the recording: L=exceeding the threshold, A=activity detection, Ext=External detector, or a combination of them. Please, press Enter to change|Choose with arrow keys and confirm it with Enter",,"Текущий Режим Записи. Определяет тип активации записи L= Уровень (превышение порога), A= детектор движения (на привязанной камере), Ext=Внешний детектор",,,,,,,,,0,,
"To enable or disable Listen In on audio assigned camera, please press Enter now|Choose with arrow keys and confirm it with Enter",,"Для осуществления (отключения) возможности прослушивания аудио привязанной камеры, нажмите Ввод, сделайте выбор клавишами со стрелками и подтвердите нажатием клавиши Ввод",,,,,,,,,0,,
"Shows detected audio alarms in the alarm list. Please, select also one or more cameras to view the alarms from",,Показывает аудио тревоги в списке тревог. Выберете одну или несколько камер для просмортра в списке тревог с ... ,,,,,,,,,0,,
